sample_name,condition,clone_n_clones,clone_n_unique_cdr3,clone_largest_clone_size,clone_mean_clone_size,clone_clone_coverage,clone_singleton_rate,v_diversity,j_diversity,vj_pair_diversity,v_entropy,j_entropy,length_length_mean,length_length_median,length_length_std,clonality_shannon_diversity,clonality_simpson_diversity,clonality_clonality,clonality_dominance,clonality_evenness,public_clone_rate,private_clone_rate
control_rep2_01,control,0,1100,0,0,0,1.0,15,10,150,2.701684570323847,2.299398539146992,14.247272727272728,14.0,3.6935744966067046,6.126005158132614,0.993945354266047,0.12523948345412594,0.02561453121601044,0.8747605165458741,0.0,1.0
diseased_rep2_01,diseased,0,900,0,0,0,1.0,15,10,150,2.6957720024039578,2.296851374782212,14.178888888888888,14.0,3.656379339803682,5.387610089800207,0.9771484905672387,0.20798332392469132,0.08750820389411507,0.7920166760753087,0.0,1.0
diseased_rep1_01,diseased,0,800,0,0,0,1.0,15,10,149,2.6992064331430234,2.296206570193644,14.02125,14.0,3.5391804754067007,4.58533933311935,0.9690215995406667,0.3140455242687602,0.0617397213727489,0.6859544757312398,0.0,1.0
control_rep1_01,control,0,1200,0,0,0,1.0,15,10,150,2.701459435558995,2.2991546643921557,13.988333333333333,14.0,3.6936698853880032,6.298341840991317,0.9949106959498957,0.11166804156334786,0.021051037407239133,0.8883319584366521,0.0,1.0
diseased_rep3_01,diseased,0,750,0,0,0,1.0,15,10,148,2.6959004379655997,2.298069090191973,13.802666666666667,14.0,3.6647500445308534,4.932442112232286,0.9677325765036926,0.2549263492484207,0.10589239965841162,0.7450736507515793,0.0,1.0
control_rep3_01,control,0,1300,0,0,0,1.0,15,10,150,2.7014177050919415,2.2957116525662933,14.036153846153846,14.0,3.6697621772902154,6.458328673406234,0.9958770288977067,0.09927182744026375,0.022867737948084055,0.9007281725597363,0.0,1.0
