motif,control_count,diseased_count,fold_change,log2_fold_change,direction
HCT,10,0,0.09090909090909091,-3.4594316186372973,control
QQI,10,0,0.09090909090909091,-3.4594316186372973,control
GPC,10,0,0.09090909090909091,-3.4594316186372973,control
YVR,10,0,0.09090909090909091,-3.4594316186372973,control
TCCC,10,0,0.09090909090909091,-3.4594316186372973,control
IQN,9,0,0.1,-3.321928094887362,control
QSQ,9,0,0.1,-3.321928094887362,control
RFG,9,0,0.1,-3.321928094887362,control
CSCY,8,0,0.1111111111111111,-3.1699250014423126,control
WCG,8,0,0.1111111111111111,-3.1699250014423126,control
PIC,8,0,0.1111111111111111,-3.1699250014423126,control
MSY,8,0,0.1111111111111111,-3.1699250014423126,control
GRD,8,0,0.1111111111111111,-3.1699250014423126,control
MYI,8,0,0.1111111111111111,-3.1699250014423126,control
DCD,8,0,0.1111111111111111,-3.1699250014423126,control
YQG,8,0,0.1111111111111111,-3.1699250014423126,control
CCLI,0,8,9.0,3.169925001442312,diseased
GTCV,7,0,0.125,-3.0,control
FSN,7,0,0.125,-3.0,control
TGCS,7,0,0.125,-3.0,control
VET,7,0,0.125,-3.0,control
CSCF,7,0,0.125,-3.0,control
YLD,7,0,0.125,-3.0,control
NHC,7,0,0.125,-3.0,control
LSSG,0,7,8.0,3.0,diseased
GHQ,7,0,0.125,-3.0,control
NIR,0,7,8.0,3.0,diseased
PLI,7,0,0.125,-3.0,control
VSW,7,0,0.125,-3.0,control
DRT,7,0,0.125,-3.0,control
CGAT,7,0,0.125,-3.0,control
QTY,7,0,0.125,-3.0,control
QSGG,7,0,0.125,-3.0,control
RTI,7,0,0.125,-3.0,control
FCCS,7,0,0.125,-3.0,control
RIK,6,0,0.14285714285714285,-2.807354922057604,control
QQR,6,0,0.14285714285714285,-2.807354922057604,control
MQE,6,0,0.14285714285714285,-2.807354922057604,control
CVCF,6,0,0.14285714285714285,-2.807354922057604,control
ENK,6,0,0.14285714285714285,-2.807354922057604,control
CGYC,6,0,0.14285714285714285,-2.807354922057604,control
CSSK,6,0,0.14285714285714285,-2.807354922057604,control
QVAC,6,0,0.14285714285714285,-2.807354922057604,control
RQR,6,0,0.14285714285714285,-2.807354922057604,control
GLP,6,0,0.14285714285714285,-2.807354922057604,control
CACD,6,0,0.14285714285714285,-2.807354922057604,control
RCTC,6,0,0.14285714285714285,-2.807354922057604,control
HCR,6,0,0.14285714285714285,-2.807354922057604,control
GCTL,6,0,0.14285714285714285,-2.807354922057604,control
CLSY,6,0,0.14285714285714285,-2.807354922057604,control
