sample_name,condition,n_clones,total_reads,shannon_diversity,clonality,top_clone_frequency
control_rep2_01,control,1100,18388,6.126005158132614,0.12523948345412594,0.02561453121601044
diseased_rep2_01,diseased,900,18284,5.387610089800207,0.20798332392469132,0.08750820389411507
diseased_rep1_01,diseased,800,29430,4.58533933311935,0.3140455242687602,0.0617397213727489
control_rep1_01,control,1200,19809,6.298341840991317,0.11166804156334786,0.021051037407239133
diseased_rep3_01,diseased,750,18736,4.932442112232286,0.2549263492484207,0.10589239965841162
control_rep3_01,control,1300,19416,6.458328673406234,0.09927182744026375,0.022867737948084055
